granularity,period,factor,return,percentile,rank,is_best
week,2024-W01,lowvol,-0.02119,0.9213,1,1
week,2024-W01,rz_buy,-0.14088,0.7071,2,0
week,2024-W01,reversal,-0.2221,0.4151,3,0
week,2024-W01,momentum,-0.25749,0.2567,4,0
week,2024-W02,lowvol,-0.00972,0.8927,1,1
week,2024-W02,rz_buy,-0.17487,0.6467,2,0
week,2024-W02,reversal,-0.29386,0.3723,3,0
week,2024-W02,momentum,-0.3247,0.307,4,0
week,2024-W03,lowvol,0.03714,0.872,1,1
week,2024-W03,rz_buy,-0.07086,0.6455,2,0
week,2024-W03,reversal,-0.09966,0.5793,3,0
week,2024-W03,momentum,-0.22294,0.2156,4,0
week,2024-W04,lowvol,0.04448,0.7323,1,1
week,2024-W04,reversal,0.03308,0.687,2,0
week,2024-W04,rz_buy,-0.00913,0.5614,3,0
week,2024-W04,momentum,-0.19905,0.0593,4,0
week,2024-W05,reversal,0.11665,0.7197,1,1
week,2024-W05,lowvol,0.04747,0.4859,2,0
week,2024-W05,rz_buy,0.02755,0.418,3,0
week,2024-W05,momentum,-0.10847,0.0722,4,0
week,2024-W06,reversal,0.51091,0.9194,1,1
week,2024-W06,rz_buy,0.16212,0.3476,2,0
week,2024-W06,momentum,0.12227,0.2918,3,0
week,2024-W06,lowvol,0.02197,0.0684,4,0
week,2024-W08,reversal,0.30868,0.8868,1,1
week,2024-W08,rz_buy,0.13757,0.5129,2,0
week,2024-W08,momentum,0.09322,0.3764,3,0
week,2024-W08,lowvol,-0.00605,0.0842,4,0
week,2024-W09,reversal,0.14153,0.8564,1,1
week,2024-W09,rz_buy,0.01871,0.5063,2,0
week,2024-W09,lowvol,-0.00153,0.4003,3,0
week,2024-W09,momentum,-0.08762,0.132,4,0
week,2024-W10,reversal,0.12437,0.7845,1,1
week,2024-W10,rz_buy,0.06172,0.5913,2,0
week,2024-W10,lowvol,-0.00392,0.3305,3,0
week,2024-W10,momentum,-0.11979,0.0936,4,0
week,2024-W11,lowvol,0.00255,0.647,1,1
week,2024-W11,reversal,-0.01737,0.6218,2,0
week,2024-W11,rz_buy,-0.01629,0.6177,3,0
week,2024-W11,momentum,-0.16702,0.1237,4,0
week,2024-W12,lowvol,0.01873,0.8243,1,1
week,2024-W12,reversal,-0.04061,0.6862,2,0
week,2024-W12,rz_buy,-0.06201,0.6313,3,0
week,2024-W12,momentum,-0.16267,0.3067,4,0
week,2024-W13,lowvol,0.02434,0.7081,1,1
week,2024-W13,rz_buy,-0.01869,0.5221,2,0
week,2024-W13,reversal,-0.04796,0.4149,3,0
week,2024-W13,momentum,-0.0815,0.2968,4,0
week,2024-W14,lowvol,0.01801,0.6577,1,1
week,2024-W14,reversal,-0.00625,0.5517,2,0
week,2024-W14,rz_buy,-0.00996,0.5352,3,0
week,2024-W14,momentum,-0.0112,0.5205,4,0
week,2024-W15,lowvol,0.03791,0.6361,1,1
week,2024-W15,reversal,0.00731,0.4928,2,0
week,2024-W15,momentum,-0.00828,0.4119,3,0
week,2024-W15,rz_buy,-0.01644,0.4025,4,0
week,2024-W16,momentum,0.18572,0.7735,1,1
week,2024-W16,reversal,0.18127,0.6884,2,0
week,2024-W16,rz_buy,0.0677,0.4687,3,0
week,2024-W16,lowvol,0.046,0.3801,4,0
week,2024-W17,rz_buy,0.07172,0.6556,1,1
week,2024-W17,lowvol,0.05253,0.6143,2,0
week,2024-W17,momentum,0.04875,0.5994,3,0
week,2024-W17,reversal,0.0264,0.4763,4,0
week,2024-W18,lowvol,0.02251,0.7112,1,1
week,2024-W18,reversal,0.0144,0.7052,2,0
week,2024-W18,momentum,-0.02888,0.4762,3,0
week,2024-W18,rz_buy,-0.0279,0.4682,4,0
week,2024-W19,lowvol,-0.00874,0.7987,1,1
week,2024-W19,reversal,-0.03491,0.7126,2,0
week,2024-W19,rz_buy,-0.1174,0.3063,3,0
week,2024-W19,momentum,-0.15814,0.1933,4,0
week,2024-W20,lowvol,-0.00945,0.7906,1,1
week,2024-W20,rz_buy,-0.1002,0.3636,2,0
week,2024-W20,momentum,-0.14638,0.1957,3,0
week,2024-W20,reversal,-0.16783,0.1715,4,0
week,2024-W21,lowvol,-0.008,0.8177,1,1
week,2024-W21,rz_buy,-0.12489,0.3189,2,0
week,2024-W21,momentum,-0.19395,0.0774,3,0
week,2024-W21,reversal,-0.1992,0.0675,4,0
week,2024-W22,lowvol,-0.00107,0.8492,1,1
week,2024-W22,rz_buy,-0.11232,0.3665,2,0
week,2024-W22,reversal,-0.15754,0.1933,3,0
week,2024-W22,momentum,-0.17506,0.1066,4,0
week,2024-W23,reversal,0.01429,0.8231,1,1
week,2024-W23,lowvol,-0.01951,0.7389,2,0
week,2024-W23,rz_buy,-0.06181,0.4945,3,0
week,2024-W23,momentum,-0.09291,0.3361,4,0
week,2024-W24,reversal,0.01981,0.8378,1,1
week,2024-W24,lowvol,-0.01837,0.727,2,0
week,2024-W24,rz_buy,-0.07453,0.4159,3,0
week,2024-W24,momentum,-0.11173,0.2327,4,0
week,2024-W25,lowvol,0.02171,0.8616,1,1
week,2024-W25,reversal,-0.02103,0.7178,2,0
week,2024-W25,rz_buy,-0.0303,0.6716,3,0
week,2024-W25,momentum,-0.20674,0.0429,4,0
week,2024-W26,reversal,0.19664,0.9754,1,1
week,2024-W26,lowvol,0.03278,0.8379,2,0
week,2024-W26,rz_buy,0.00647,0.7435,3,0
week,2024-W26,momentum,-0.15946,0.0789,4,0
week,2024-W27,reversal,0.20407,0.9682,1,1
week,2024-W27,lowvol,0.03285,0.7413,2,0
week,2024-W27,rz_buy,0.03681,0.7316,3,0
week,2024-W27,momentum,-0.12215,0.0978,4,0
week,2024-W28,rz_buy,0.02281,0.6146,1,1
week,2024-W28,reversal,0.02655,0.6102,2,0
week,2024-W28,lowvol,0.01683,0.6001,3,0
week,2024-W28,momentum,-0.11298,0.1781,4,0
week,2024-W29,rz_buy,0.04077,0.7376,1,1
week,2024-W29,lowvol,0.00771,0.5664,2,0
week,2024-W29,reversal,-0.00546,0.4913,3,0
week,2024-W29,momentum,-0.04196,0.3287,4,0
week,2024-W30,rz_buy,0.03305,0.7757,1,1
week,2024-W30,momentum,0.02493,0.7074,2,0
week,2024-W30,lowvol,0.01637,0.697,3,0
week,2024-W30,reversal,-0.00103,0.58,4,0
week,2024-W31,lowvol,0.05886,0.8852,1,1
week,2024-W31,rz_buy,-0.02148,0.6649,2,0
week,2024-W31,reversal,-0.0532,0.4659,3,0
week,2024-W31,momentum,-0.07904,0.3238,4,0
week,2024-W32,lowvol,0.03016,0.7879,1,1
week,2024-W32,rz_buy,0.01576,0.7501,2,0
week,2024-W32,reversal,-0.02571,0.551,3,0
week,2024-W32,momentum,-0.09098,0.2377,4,0
week,2024-W33,rz_buy,-0.0129,0.6707,1,1
week,2024-W33,reversal,-0.03679,0.5449,2,0
week,2024-W33,lowvol,-0.04753,0.48,3,0
week,2024-W33,momentum,-0.09904,0.3045,4,0
week,2024-W34,rz_buy,0.05932,0.7704,1,1
week,2024-W34,momentum,-0.0141,0.5148,2,0
week,2024-W34,reversal,-0.02045,0.4609,3,0
week,2024-W34,lowvol,-0.02737,0.4223,4,0
week,2024-W35,reversal,0.23807,0.7118,1,1
week,2024-W35,rz_buy,0.20875,0.7078,2,0
week,2024-W35,lowvol,0.1228,0.3429,3,0
week,2024-W35,momentum,0.01672,0.0664,4,0
week,2024-W36,reversal,0.21991,0.6569,1,1
week,2024-W36,rz_buy,0.18423,0.5127,2,0
week,2024-W36,lowvol,0.12515,0.2713,3,0
week,2024-W36,momentum,0.00676,0.0287,4,0
week,2024-W37,reversal,0.36602,0.8054,1,1
week,2024-W37,rz_buy,0.2375,0.5695,2,0
week,2024-W37,momentum,0.18156,0.3786,3,0
week,2024-W37,lowvol,0.12336,0.1805,4,0
week,2024-W38,momentum,0.58747,0.9201,1,1
week,2024-W38,reversal,0.48312,0.8675,2,0
week,2024-W38,rz_buy,0.33408,0.6788,3,0
week,2024-W38,lowvol,0.15435,0.1409,4,0
week,2024-W39,momentum,0.70946,0.9605,1,1
week,2024-W39,reversal,0.35234,0.7635,2,0
week,2024-W39,rz_buy,0.33897,0.6656,3,0
week,2024-W39,lowvol,0.11549,0.207,4,0
week,2024-W40,momentum,0.20516,0.8975,1,1
week,2024-W40,reversal,0.15964,0.8578,2,0
week,2024-W40,rz_buy,0.1287,0.8214,3,0
week,2024-W40,lowvol,-0.01489,0.3501,4,0
week,2024-W41,momentum,0.29755,0.8691,1,1
week,2024-W41,reversal,0.20706,0.8203,2,0
week,2024-W41,rz_buy,0.16236,0.6529,3,0
week,2024-W41,lowvol,0.07135,0.5189,4,0
week,2024-W42,reversal,0.24948,0.8268,1,1
week,2024-W42,momentum,0.20589,0.7228,2,0
week,2024-W42,rz_buy,0.15912,0.6054,3,0
week,2024-W42,lowvol,0.09746,0.4221,4,0
week,2024-W43,rz_buy,0.16146,0.807,1,1
week,2024-W43,reversal,0.13123,0.7717,2,0
week,2024-W43,lowvol,0.06315,0.6202,3,0
week,2024-W43,momentum,-0.04695,0.1646,4,0
week,2024-W44,rz_buy,0.08639,0.6818,1,1
week,2024-W44,lowvol,0.03791,0.5839,2,0
week,2024-W44,reversal,0.00238,0.4132,3,0
week,2024-W44,momentum,-0.24142,0.0074,4,0
week,2024-W45,rz_buy,0.02365,0.5167,1,1
week,2024-W45,lowvol,0.01884,0.4966,2,0
week,2024-W45,reversal,0.00603,0.4328,3,0
week,2024-W45,momentum,-0.10436,0.0776,4,0
week,2024-W46,lowvol,0.03518,0.5777,1,1
week,2024-W46,rz_buy,0.02255,0.5166,2,0
week,2024-W46,reversal,-0.01427,0.3457,3,0
week,2024-W46,momentum,-0.07221,0.1977,4,0
week,2024-W47,lowvol,0.03578,0.586,1,1
week,2024-W47,reversal,0.00313,0.3968,2,0
week,2024-W47,rz_buy,-0.00334,0.3829,3,0
week,2024-W47,momentum,-0.09922,0.1304,4,0
week,2024-W48,lowvol,0.05168,0.7715,1,1
week,2024-W48,rz_buy,-0.02421,0.456,2,0
week,2024-W48,reversal,-0.07588,0.1987,3,0
week,2024-W48,momentum,-0.24367,0.0064,4,0
week,2024-W49,lowvol,0.01517,0.8611,1,1
week,2024-W49,rz_buy,-0.07202,0.6063,2,0
week,2024-W49,reversal,-0.17556,0.1645,3,0
week,2024-W49,momentum,-0.27848,0.0302,4,0
week,2024-W50,lowvol,-0.03204,0.8647,1,1
week,2024-W50,rz_buy,-0.12285,0.5738,2,0
week,2024-W50,reversal,-0.18284,0.2915,3,0
week,2024-W50,momentum,-0.2485,0.1098,4,0
week,2024-W51,lowvol,-0.03764,0.7323,1,1
week,2024-W51,momentum,-0.07763,0.5258,2,0
week,2024-W51,rz_buy,-0.0822,0.5083,3,0
week,2024-W51,reversal,-0.09227,0.4463,4,0
week,2024-W52,momentum,-0.00307,0.7352,1,1
week,2024-W52,lowvol,-0.03727,0.5783,2,0
week,2024-W52,reversal,-0.04896,0.5019,3,0
week,2024-W52,rz_buy,-0.05133,0.4946,4,0
week,2025-W01,reversal,0.08968,0.7665,1,1
week,2025-W01,rz_buy,3e-05,0.3978,2,0
week,2025-W01,lowvol,-0.01498,0.3299,3,0
week,2025-W01,momentum,-0.03786,0.2357,4,0
week,2025-W02,reversal,0.17414,0.7902,1,1
week,2025-W02,rz_buy,0.06454,0.4309,2,0
week,2025-W02,momentum,0.05766,0.4063,3,0
week,2025-W02,lowvol,0.02035,0.224,4,0
week,2025-W03,momentum,0.154,0.7669,1,1
week,2025-W03,reversal,0.08066,0.5398,2,0
week,2025-W03,rz_buy,0.05472,0.43,3,0
week,2025-W03,lowvol,0.00843,0.2295,4,0
week,2025-W04,reversal,0.16825,0.8118,1,1
week,2025-W04,rz_buy,0.054,0.4885,2,0
week,2025-W04,momentum,0.03665,0.3734,3,0
week,2025-W04,lowvol,0.00022,0.2284,4,0
week,2025-W05,reversal,0.17669,0.8282,1,1
week,2025-W05,rz_buy,0.13196,0.729,2,0
week,2025-W05,momentum,0.06688,0.5087,3,0
week,2025-W05,lowvol,-0.01269,0.1679,4,0
week,2025-W06,momentum,0.20183,0.8625,1,1
week,2025-W06,reversal,0.10359,0.7081,2,0
week,2025-W06,rz_buy,0.08916,0.6339,3,0
week,2025-W06,lowvol,-0.01104,0.2024,4,0
week,2025-W07,rz_buy,0.038,0.5445,1,1
week,2025-W07,reversal,0.02182,0.4615,2,0
week,2025-W07,lowvol,0.00361,0.3616,3,0
week,2025-W07,momentum,-0.02654,0.2211,4,0
week,2025-W08,rz_buy,0.04049,0.5181,1,1
week,2025-W08,lowvol,0.0209,0.4052,2,0
week,2025-W08,reversal,0.00363,0.3224,3,0
week,2025-W08,momentum,-0.13977,0.0144,4,0
week,2025-W09,lowvol,0.02439,0.6347,1,1
week,2025-W09,reversal,0.00386,0.5413,2,0
week,2025-W09,rz_buy,-0.00767,0.4721,3,0
week,2025-W09,momentum,-0.19572,0.0241,4,0
week,2025-W10,lowvol,0.01213,0.7297,1,1
week,2025-W10,reversal,-0.0221,0.592,2,0
week,2025-W10,rz_buy,-0.02608,0.5396,3,0
week,2025-W10,momentum,-0.13319,0.1529,4,0
week,2025-W11,lowvol,-0.00086,0.8408,1,1
week,2025-W11,rz_buy,-0.07617,0.6548,2,0
week,2025-W11,momentum,-0.20108,0.1995,3,0
week,2025-W11,reversal,-0.22752,0.1213,4,0
week,2025-W12,lowvol,-0.01845,0.7849,1,1
week,2025-W12,rz_buy,-0.0366,0.7398,2,0
week,2025-W12,reversal,-0.17511,0.2152,3,0
week,2025-W12,momentum,-0.24708,0.0621,4,0
week,2025-W13,lowvol,-0.00395,0.7376,1,1
week,2025-W13,rz_buy,-0.03031,0.6276,2,0
week,2025-W13,reversal,-0.06204,0.4879,3,0
week,2025-W13,momentum,-0.1905,0.0536,4,0
week,2025-W14,lowvol,-0.00548,0.616,1,1
week,2025-W14,momentum,-0.02366,0.5296,2,0
week,2025-W14,reversal,-0.06065,0.3262,3,0
week,2025-W14,rz_buy,-0.0705,0.3015,4,0
week,2025-W15,reversal,0.1584,0.6756,1,1
week,2025-W15,rz_buy,0.08018,0.3914,2,0
week,2025-W15,lowvol,0.033,0.2081,3,0
week,2025-W15,momentum,-0.07953,0.1392,4,0
week,2025-W16,momentum,0.19503,0.8716,1,1
week,2025-W16,reversal,0.12714,0.7182,2,0
week,2025-W16,rz_buy,0.06607,0.5178,3,0
week,2025-W16,lowvol,0.01082,0.2676,4,0
week,2025-W17,reversal,0.08657,0.729,1,1
week,2025-W17,momentum,0.07101,0.6392,2,0
week,2025-W17,rz_buy,0.06306,0.6142,3,0
week,2025-W17,lowvol,0.0084,0.3658,4,0
week,2025-W18,reversal,0.20343,0.9151,1,1
week,2025-W18,momentum,0.0866,0.6689,2,0
week,2025-W18,rz_buy,0.07264,0.595,3,0
week,2025-W18,lowvol,0.01031,0.3105,4,0
week,2025-W19,reversal,0.12188,0.8648,1,1
week,2025-W19,momentum,0.11554,0.8375,2,0
week,2025-W19,lowvol,0.02345,0.516,3,0
week,2025-W19,rz_buy,0.01014,0.4268,4,0
week,2025-W20,reversal,0.04201,0.6038,1,1
week,2025-W20,lowvol,0.01576,0.5117,2,0
week,2025-W20,momentum,0.00829,0.4438,3,0
week,2025-W20,rz_buy,-0.00508,0.3875,4,0
week,2025-W21,reversal,0.00479,0.523,1,1
week,2025-W21,lowvol,-0.00483,0.5103,2,0
week,2025-W21,rz_buy,-0.0337,0.3131,3,0
week,2025-W21,momentum,-0.11683,0.0678,4,0
week,2025-W22,reversal,0.05801,0.5647,1,1
week,2025-W22,lowvol,0.0098,0.3822,2,0
week,2025-W22,rz_buy,-0.00122,0.3136,3,0
week,2025-W22,momentum,-0.11247,0.0308,4,0
week,2025-W23,rz_buy,0.03442,0.5427,1,1
week,2025-W23,lowvol,-0.00087,0.2965,2,0
week,2025-W23,reversal,-0.00644,0.2951,3,0
week,2025-W23,momentum,-0.02811,0.1769,4,0
week,2025-W24,rz_buy,0.05895,0.6033,1,1
week,2025-W24,lowvol,0.02723,0.4654,2,0
week,2025-W24,reversal,0.00949,0.3482,3,0
week,2025-W24,momentum,-0.07581,0.0657,4,0
week,2025-W25,rz_buy,0.05333,0.4533,1,1
week,2025-W25,reversal,0.03031,0.3039,2,0
week,2025-W25,lowvol,0.02934,0.303,3,0
week,2025-W25,momentum,0.01041,0.218,4,0
week,2025-W26,rz_buy,0.07965,0.6108,1,1
week,2025-W26,lowvol,0.07012,0.5551,2,0
week,2025-W26,reversal,0.04476,0.3805,3,0
week,2025-W26,momentum,0.02838,0.3193,4,0
week,2025-W27,rz_buy,0.07519,0.6947,1,1
week,2025-W27,lowvol,0.0338,0.4559,2,0
week,2025-W27,reversal,0.02438,0.3823,3,0
week,2025-W27,momentum,-0.01081,0.2284,4,0
week,2025-W28,momentum,0.23884,0.8014,1,1
week,2025-W28,rz_buy,0.18585,0.6251,2,0
week,2025-W28,lowvol,0.01974,0.3486,3,0
week,2025-W28,reversal,0.00964,0.2968,4,0
week,2025-W29,momentum,0.45423,0.9651,1,1
week,2025-W29,rz_buy,0.23396,0.7413,2,0
week,2025-W29,reversal,0.06377,0.5522,3,0
week,2025-W29,lowvol,0.01784,0.3075,4,0
week,2025-W30,momentum,0.136,0.7101,1,1
week,2025-W30,reversal,0.08861,0.6269,2,0
week,2025-W30,rz_buy,0.01409,0.3096,3,0
week,2025-W30,lowvol,0.00929,0.2652,4,0
week,2025-W31,reversal,0.08859,0.6501,1,1
week,2025-W31,rz_buy,0.06846,0.5761,2,0
week,2025-W31,momentum,0.0281,0.3855,3,0
week,2025-W31,lowvol,0.01059,0.2779,4,0
week,2025-W32,rz_buy,0.047,0.6458,1,1
week,2025-W32,reversal,0.03626,0.6073,2,0
week,2025-W32,lowvol,0.00952,0.4982,3,0
week,2025-W32,momentum,0.00665,0.465,4,0
week,2025-W33,rz_buy,0.05971,0.6899,1,1
week,2025-W33,lowvol,0.01321,0.5273,2,0
week,2025-W33,reversal,0.01145,0.5128,3,0
week,2025-W33,momentum,0.00538,0.4805,4,0
week,2025-W34,rz_buy,0.03893,0.6958,1,1
week,2025-W34,momentum,0.03877,0.6577,2,0
week,2025-W34,lowvol,-0.01061,0.5132,3,0
week,2025-W34,reversal,-0.03245,0.3978,4,0
week,2025-W35,rz_buy,0.07192,0.7611,1,1
week,2025-W35,reversal,0.00299,0.6251,2,0
week,2025-W35,lowvol,-0.0299,0.5179,3,0
week,2025-W35,momentum,-0.05162,0.3836,4,0
week,2025-W36,reversal,0.04879,0.6965,1,1
week,2025-W36,rz_buy,0.02804,0.6041,2,0
week,2025-W36,momentum,0.00327,0.4971,3,0
week,2025-W36,lowvol,-0.00686,0.4665,4,0
week,2025-W37,momentum,0.05984,0.8043,1,1
week,2025-W37,lowvol,0.01038,0.6706,2,0
week,2025-W37,reversal,0.00656,0.6327,3,0
week,2025-W37,rz_buy,-0.00026,0.5997,4,0
week,2025-W38,lowvol,0.03226,0.7253,1,1
week,2025-W38,momentum,0.00416,0.5874,2,0
week,2025-W38,rz_buy,0.0001,0.5737,3,0
week,2025-W38,reversal,-0.01827,0.4689,4,0
week,2025-W39,reversal,0.03689,0.5983,1,1
week,2025-W39,momentum,0.03464,0.5615,2,0
week,2025-W39,lowvol,0.01858,0.5358,3,0
week,2025-W39,rz_buy,0.01632,0.5244,4,0
week,2025-W40,reversal,0.11701,0.8553,1,1
week,2025-W40,rz_buy,0.05371,0.6969,2,0
week,2025-W40,lowvol,0.03026,0.5869,3,0
week,2025-W40,momentum,0.02514,0.5601,4,0
week,2025-W41,momentum,0.17731,0.9327,1,1
week,2025-W41,reversal,0.0585,0.715,2,0
week,2025-W41,rz_buy,0.02873,0.5937,3,0
week,2025-W41,lowvol,0.01532,0.5258,4,0
week,2025-W42,rz_buy,0.07501,0.6885,1,1
week,2025-W42,momentum,0.0927,0.6743,2,0
week,2025-W42,reversal,0.03786,0.5237,3,0
week,2025-W42,lowvol,0.02469,0.4636,4,0
week,2025-W43,rz_buy,0.03616,0.6743,1,1
week,2025-W43,lowvol,0.00561,0.5389,2,0
week,2025-W43,reversal,0.00535,0.5177,3,0
week,2025-W43,momentum,-0.00075,0.5082,4,0
week,2025-W44,momentum,0.14094,0.8389,1,1
week,2025-W44,rz_buy,0.02818,0.7393,2,0
week,2025-W44,lowvol,-0.01619,0.5877,3,0
week,2025-W44,reversal,-0.03432,0.4878,4,0
week,2025-W45,momentum,0.11617,0.9166,1,1
week,2025-W45,rz_buy,0.00139,0.6817,2,0
week,2025-W45,lowvol,-0.01617,0.5992,3,0
week,2025-W45,reversal,-0.03883,0.456,4,0
week,2025-W46,momentum,0.02859,0.7113,1,1
week,2025-W46,lowvol,-0.0351,0.569,2,0
week,2025-W46,rz_buy,-0.0334,0.5638,3,0
week,2025-W46,reversal,-0.04377,0.512,4,0
week,2025-W47,lowvol,-0.03745,0.487,1,1
week,2025-W47,rz_buy,-0.04277,0.452,2,0
week,2025-W47,reversal,-0.04685,0.435,3,0
week,2025-W47,momentum,-0.1289,0.1214,4,0
week,2025-W48,momentum,0.06341,0.7222,1,1
week,2025-W48,reversal,0.03585,0.6459,2,0
week,2025-W48,rz_buy,0.02389,0.5777,3,0
week,2025-W48,lowvol,-0.01235,0.4051,4,0
week,2025-W49,momentum,0.1022,0.7765,1,1
week,2025-W49,reversal,0.03322,0.6038,2,0
week,2025-W49,rz_buy,0.01998,0.5592,3,0
week,2025-W49,lowvol,-0.02459,0.3144,4,0
week,2025-W50,momentum,0.29539,0.9192,1,1
week,2025-W50,reversal,0.05262,0.5254,2,0
week,2025-W50,rz_buy,0.05096,0.5176,3,0
week,2025-W50,lowvol,0.00893,0.2932,4,0
week,2025-W51,momentum,0.19853,0.6224,1,1
week,2025-W51,reversal,0.10044,0.5703,2,0
week,2025-W51,rz_buy,0.06559,0.4241,3,0
week,2025-W51,lowvol,-0.00628,0.1287,4,0
week,2025-W52,momentum,0.18921,0.7273,1,1
week,2025-W52,reversal,0.1567,0.7186,2,0
week,2025-W52,lowvol,0.03041,0.2852,3,0
week,2025-W52,rz_buy,0.01444,0.2185,4,0
week,2026-W01,momentum,0.17244,0.8195,1,1
week,2026-W01,lowvol,0.06821,0.5562,2,0
week,2026-W01,rz_buy,0.06081,0.5214,3,0
week,2026-W01,reversal,0.06167,0.509,4,0
week,2026-W02,momentum,0.08586,0.6764,1,1
week,2026-W02,lowvol,0.04684,0.6443,2,0
week,2026-W02,reversal,0.03279,0.5793,3,0
week,2026-W02,rz_buy,0.01293,0.4874,4,0
week,2026-W03,lowvol,0.02788,0.6184,1,1
week,2026-W03,rz_buy,-0.00048,0.4911,2,0
week,2026-W03,reversal,-0.00942,0.4437,3,0
week,2026-W03,momentum,-0.02738,0.3861,4,0
week,2026-W04,rz_buy,0.02883,0.6197,1,1
week,2026-W04,lowvol,0.00595,0.5403,2,0
week,2026-W04,reversal,-0.0069,0.4776,3,0
week,2026-W04,momentum,-0.00816,0.475,4,0
week,2026-W05,rz_buy,0.03601,0.7373,1,1
week,2026-W05,lowvol,0.00607,0.6619,2,0
week,2026-W05,reversal,-0.01952,0.5536,3,0
week,2026-W05,momentum,-0.16422,0.0679,4,0
week,2026-W06,lowvol,0.0331,0.645,1,1
week,2026-W06,rz_buy,0.02764,0.6044,2,0
week,2026-W06,reversal,-0.04167,0.3178,3,0
week,2026-W06,momentum,-0.08498,0.1673,4,0
week,2026-W07,lowvol,0.00141,0.7577,1,1
week,2026-W07,reversal,-0.04373,0.5971,2,0
week,2026-W07,rz_buy,-0.04807,0.5754,3,0
week,2026-W07,momentum,-0.10009,0.3397,4,0
week,2026-W09,lowvol,-0.00123,0.8255,1,1
week,2026-W09,rz_buy,-0.08232,0.6016,2,0
week,2026-W09,momentum,-0.0967,0.5016,3,0
week,2026-W09,reversal,-0.12285,0.4091,4,0
week,2026-W10,lowvol,-0.01122,0.7554,1,1
week,2026-W10,rz_buy,-0.01442,0.7274,2,0
week,2026-W10,reversal,-0.05359,0.5926,3,0
week,2026-W10,momentum,-0.05488,0.5728,4,0
week,2026-W11,reversal,-0.00651,0.7724,1,1
week,2026-W11,rz_buy,-0.02484,0.7153,2,0
week,2026-W11,lowvol,-0.03298,0.686,3,0
week,2026-W11,momentum,-0.08151,0.4129,4,0
week,2026-W12,reversal,0.03145,0.6922,1,1
week,2026-W12,rz_buy,-0.00081,0.582,2,0
week,2026-W12,lowvol,-0.02095,0.4882,3,0
week,2026-W12,momentum,-0.02131,0.4504,4,0
week,2026-W13,reversal,0.13427,0.7785,1,1
week,2026-W13,rz_buy,0.06528,0.5843,2,0
week,2026-W13,momentum,0.06818,0.5775,3,0
week,2026-W13,lowvol,0.01123,0.3587,4,0
week,2026-W14,momentum,0.23295,0.8779,1,1
week,2026-W14,reversal,0.16966,0.8081,2,0
week,2026-W14,rz_buy,0.03426,0.4683,3,0
week,2026-W14,lowvol,-0.0055,0.3205,4,0
week,2026-W15,momentum,0.31105,0.8843,1,1
week,2026-W15,reversal,0.17642,0.7568,2,0
week,2026-W15,rz_buy,0.04539,0.4523,3,0
week,2026-W15,lowvol,0.0121,0.3354,4,0
week,2026-W16,momentum,0.2542,0.8646,1,1
week,2026-W16,reversal,0.04185,0.5644,2,0
week,2026-W16,lowvol,-0.00551,0.4268,3,0
week,2026-W16,rz_buy,-0.02338,0.3653,4,0
week,2026-W17,momentum,0.12246,0.7941,1,1
week,2026-W17,lowvol,-0.02184,0.5133,2,0
week,2026-W17,rz_buy,-0.04399,0.4344,3,0
week,2026-W17,reversal,-0.05722,0.3913,4,0
week,2026-W18,momentum,0.05414,0.7596,1,1
week,2026-W18,lowvol,-0.01588,0.6301,2,0
week,2026-W18,rz_buy,-0.0405,0.5222,3,0
week,2026-W18,reversal,-0.0917,0.3492,4,0
week,2026-W19,momentum,0.20258,0.9298,1,1
week,2026-W19,lowvol,-0.03997,0.6972,2,0
week,2026-W19,rz_buy,-0.08334,0.5744,3,0
week,2026-W19,reversal,-0.18345,0.1562,4,0
week,2026-W20,momentum,0.03611,0.8345,1,1
week,2026-W20,lowvol,-0.04418,0.7632,2,0
week,2026-W20,rz_buy,-0.09695,0.618,3,0
week,2026-W20,reversal,-0.13978,0.4635,4,0
week,2026-W21,momentum,0.09395,0.8581,1,1
week,2026-W21,lowvol,-0.01285,0.7538,2,0
week,2026-W21,reversal,-0.065,0.5937,3,0
week,2026-W21,rz_buy,-0.1074,0.4669,4,0
week,2026-W22,momentum,0.09481,0.8192,1,1
week,2026-W22,lowvol,-0.03373,0.7021,2,0
week,2026-W22,reversal,-0.04645,0.6573,3,0
week,2026-W22,rz_buy,-0.06775,0.6128,4,0
week,2026-W23,momentum,0.04712,0.7362,1,1
week,2026-W23,reversal,-0.02603,0.629,2,0
week,2026-W23,lowvol,-0.04202,0.6037,3,0
week,2026-W23,rz_buy,-0.07934,0.4756,4,0
week,2026-W24,lowvol,-0.01344,0.6787,1,1
week,2026-W24,rz_buy,-0.03015,0.6168,2,0
week,2026-W24,reversal,-0.05864,0.5251,3,0
week,2026-W24,momentum,-0.07395,0.4684,4,0
week,2026-W25,lowvol,0.00824,0.7847,1,1
week,2026-W25,rz_buy,-0.04277,0.6362,2,0
week,2026-W25,reversal,-0.06379,0.5506,3,0
week,2026-W25,momentum,-0.23878,0.1868,4,0
week,2026-W26,lowvol,0.03871,0.8745,1,1
week,2026-W26,rz_buy,-0.01672,0.756,2,0
week,2026-W26,reversal,-0.11995,0.518,3,0
week,2026-W26,momentum,-0.36419,0.0887,4,0
month,2024-01,lowvol,0.01862,0.8178,1,1
month,2024-01,rz_buy,-0.08378,0.611,2,0
month,2024-01,reversal,-0.11269,0.5429,3,0
month,2024-01,momentum,-0.23618,0.1903,4,0
month,2024-02,reversal,0.30028,0.8663,1,1
month,2024-02,rz_buy,0.10505,0.4557,2,0
month,2024-02,momentum,0.0265,0.2244,3,0
month,2024-02,lowvol,0.01146,0.1991,4,0
month,2024-03,reversal,0.01211,0.6401,1,1
month,2024-03,lowvol,0.00901,0.6127,2,0
month,2024-03,rz_buy,-0.00853,0.5813,3,0
month,2024-03,momentum,-0.12596,0.2171,4,0
month,2024-04,lowvol,0.03906,0.5774,1,1
month,2024-04,momentum,0.05198,0.5719,2,0
month,2024-04,reversal,0.05425,0.5677,3,0
month,2024-04,rz_buy,0.02646,0.5088,4,0
month,2024-05,lowvol,-0.00682,0.8141,1,1
month,2024-05,rz_buy,-0.1137,0.3388,2,0
month,2024-05,reversal,-0.13987,0.2862,3,0
month,2024-05,momentum,-0.16838,0.1432,4,0
month,2024-06,reversal,0.05415,0.8386,1,1
month,2024-06,lowvol,0.00533,0.7947,2,0
month,2024-06,rz_buy,-0.03823,0.5901,3,0
month,2024-06,momentum,-0.14434,0.1695,4,0
month,2024-07,rz_buy,0.02512,0.7033,1,1
month,2024-07,lowvol,0.0234,0.6785,2,0
month,2024-07,reversal,0.04244,0.6425,3,0
month,2024-07,momentum,-0.06503,0.3301,4,0
month,2024-08,rz_buy,0.06076,0.7246,1,1
month,2024-08,reversal,0.02973,0.552,2,0
month,2024-08,lowvol,0.02342,0.5459,3,0
month,2024-08,momentum,-0.04987,0.282,4,0
month,2024-09,reversal,0.3316,0.7678,1,1
month,2024-09,rz_buy,0.25971,0.6104,2,0
month,2024-09,momentum,0.33981,0.5525,3,0
month,2024-09,lowvol,0.11938,0.214,4,0
month,2024-10,reversal,0.14989,0.716,1,1
month,2024-10,rz_buy,0.13851,0.6782,2,0
month,2024-10,lowvol,0.07064,0.5519,3,0
month,2024-10,momentum,0.05416,0.4413,4,0
month,2024-11,lowvol,0.034,0.592,1,1
month,2024-11,rz_buy,0.01354,0.4875,2,0
month,2024-11,reversal,-0.01711,0.3486,3,0
month,2024-11,momentum,-0.13307,0.0984,4,0
month,2024-12,lowvol,-0.02311,0.7329,1,1
month,2024-12,rz_buy,-0.07556,0.5455,2,0
month,2024-12,reversal,-0.11152,0.3843,3,0
month,2024-12,momentum,-0.14423,0.3386,4,0
month,2025-01,reversal,0.14477,0.7316,1,1
month,2025-01,momentum,0.07176,0.4856,2,0
month,2025-01,rz_buy,0.05659,0.4434,3,0
month,2025-01,lowvol,0.00678,0.2198,4,0
month,2025-02,rz_buy,0.03453,0.5319,1,1
month,2025-02,reversal,0.02541,0.4861,2,0
month,2025-02,lowvol,0.01175,0.423,3,0
month,2025-02,momentum,-0.06693,0.2159,4,0
month,2025-03,lowvol,-0.00258,0.7695,1,1
month,2025-03,rz_buy,-0.04706,0.614,2,0
month,2025-03,reversal,-0.12074,0.3465,3,0
month,2025-03,momentum,-0.18692,0.1288,4,0
month,2025-04,reversal,0.11095,0.689,1,1
month,2025-04,momentum,0.05542,0.572,2,0
month,2025-04,rz_buy,0.05357,0.5011,3,0
month,2025-04,lowvol,0.0128,0.329,4,0
month,2025-05,reversal,0.05324,0.6272,1,1
month,2025-05,lowvol,0.01039,0.4782,2,0
month,2025-05,rz_buy,-0.00839,0.3567,3,0
month,2025-05,momentum,-0.03384,0.319,4,0
month,2025-06,rz_buy,0.05866,0.5592,1,1
month,2025-06,lowvol,0.03391,0.4151,2,0
month,2025-06,reversal,0.02167,0.3375,3,0
month,2025-06,momentum,-0.01676,0.1902,4,0
month,2025-07,momentum,0.18886,0.6664,1,1
month,2025-07,rz_buy,0.11896,0.5849,2,0
month,2025-07,reversal,0.05517,0.5023,3,0
month,2025-07,lowvol,0.01759,0.3254,4,0
month,2025-08,rz_buy,0.0554,0.6937,1,1
month,2025-08,reversal,0.00766,0.538,2,0
month,2025-08,lowvol,-0.00407,0.5036,3,0
month,2025-08,momentum,-0.00374,0.4752,4,0
month,2025-09,reversal,0.02745,0.6224,1,1
month,2025-09,momentum,0.02545,0.6078,2,0
month,2025-09,lowvol,0.0151,0.5984,3,0
month,2025-09,rz_buy,0.01493,0.5865,4,0
month,2025-10,momentum,0.08936,0.7043,1,1
month,2025-10,rz_buy,0.04436,0.6881,2,0
month,2025-10,reversal,0.0095,0.5339,3,0
month,2025-10,lowvol,0.00595,0.5296,4,0
month,2025-11,momentum,0.01982,0.6179,1,1
month,2025-11,rz_buy,-0.01272,0.5688,2,0
month,2025-11,lowvol,-0.02527,0.5151,3,0
month,2025-11,reversal,-0.0234,0.5122,4,0
month,2025-12,momentum,0.19322,0.7689,1,1
month,2025-12,reversal,0.0826,0.5921,2,0
month,2025-12,rz_buy,0.04075,0.4418,3,0
month,2025-12,lowvol,0.01074,0.2946,4,0
month,2026-01,lowvol,0.02168,0.6162,1,1
month,2026-01,rz_buy,0.01932,0.5839,2,0
month,2026-01,reversal,-0.00076,0.5136,3,0
month,2026-01,momentum,-0.02847,0.4013,4,0
month,2026-02,lowvol,0.01197,0.7368,1,1
month,2026-02,rz_buy,-0.03082,0.5932,2,0
month,2026-02,reversal,-0.0656,0.4436,3,0
month,2026-02,momentum,-0.09373,0.3244,4,0
month,2026-03,reversal,0.03455,0.7157,1,1
month,2026-03,rz_buy,0.00872,0.641,2,0
month,2026-03,lowvol,-0.01246,0.5555,3,0
month,2026-03,momentum,-0.00299,0.5372,4,0
month,2026-04,momentum,0.19652,0.8337,1,1
month,2026-04,reversal,0.04183,0.556,2,0
month,2026-04,lowvol,-0.00833,0.447,3,0
month,2026-04,rz_buy,-0.01009,0.4372,4,0
month,2026-05,momentum,0.09623,0.8527,1,1
month,2026-05,lowvol,-0.03187,0.7326,2,0
month,2026-05,rz_buy,-0.08947,0.5673,3,0
month,2026-05,reversal,-0.10036,0.5023,4,0
month,2026-06,lowvol,-0.00754,0.7162,1,1
month,2026-06,rz_buy,-0.04522,0.6044,2,0
month,2026-06,reversal,-0.06108,0.5604,3,0
month,2026-06,momentum,-0.12834,0.4139,4,0
quarter,2024-Q1,reversal,0.0393,0.6618,1,1
quarter,2024-Q1,lowvol,0.01329,0.5835,2,0
quarter,2024-Q1,rz_buy,-0.0077,0.5601,3,0
quarter,2024-Q1,momentum,-0.12834,0.2088,4,0
quarter,2024-Q2,lowvol,0.01265,0.7276,1,1
quarter,2024-Q2,reversal,-0.01159,0.5595,2,0
quarter,2024-Q2,rz_buy,-0.04189,0.4774,3,0
quarter,2024-Q2,momentum,-0.08594,0.297,4,0
quarter,2024-Q3,rz_buy,0.10701,0.683,1,1
quarter,2024-Q3,reversal,0.12391,0.6486,2,0
quarter,2024-Q3,lowvol,0.0519,0.495,3,0
quarter,2024-Q3,momentum,0.06037,0.3796,4,0
quarter,2024-Q4,lowvol,0.02421,0.631,1,1
quarter,2024-Q4,rz_buy,0.01828,0.5647,2,0
quarter,2024-Q4,reversal,-0.00188,0.4699,3,0
quarter,2024-Q4,momentum,-0.08185,0.2862,4,0
quarter,2025-Q1,rz_buy,0.01144,0.5342,1,1
quarter,2025-Q1,reversal,0.00926,0.5122,2,0
quarter,2025-Q1,lowvol,0.0049,0.4865,3,0
quarter,2025-Q1,momentum,-0.06734,0.2689,4,0
quarter,2025-Q2,reversal,0.06292,0.5523,1,1
quarter,2025-Q2,rz_buy,0.03564,0.4748,2,0
quarter,2025-Q2,lowvol,0.01907,0.4049,3,0
quarter,2025-Q2,momentum,0.0031,0.3646,4,0
quarter,2025-Q3,rz_buy,0.06406,0.62,1,1
quarter,2025-Q3,momentum,0.07311,0.586,2,0
quarter,2025-Q3,reversal,0.03081,0.5537,3,0
quarter,2025-Q3,lowvol,0.00987,0.4731,4,0
quarter,2025-Q4,momentum,0.10599,0.7003,1,1
quarter,2025-Q4,rz_buy,0.02395,0.5539,2,0
quarter,2025-Q4,reversal,0.02656,0.549,3,0
quarter,2025-Q4,lowvol,-0.00262,0.4347,4,0
quarter,2026-Q1,lowvol,0.00584,0.6225,1,1
quarter,2026-Q1,rz_buy,0.00262,0.6087,2,0
quarter,2026-Q1,reversal,-0.0031,0.5755,3,0
quarter,2026-Q1,momentum,-0.03477,0.4355,4,0
quarter,2026-Q2,momentum,0.06566,0.7124,1,1
quarter,2026-Q2,lowvol,-0.01566,0.6205,2,0
quarter,2026-Q2,reversal,-0.03512,0.5401,3,0
quarter,2026-Q2,rz_buy,-0.04627,0.5298,4,0
half,2024-H1,lowvol,0.01297,0.6562,1,1
half,2024-H1,reversal,0.01364,0.6102,2,0
half,2024-H1,rz_buy,-0.02494,0.5184,3,0
half,2024-H1,momentum,-0.10696,0.2533,4,0
half,2024-H2,rz_buy,0.06371,0.6253,1,1
half,2024-H2,lowvol,0.03839,0.5614,2,0
half,2024-H2,reversal,0.06253,0.5614,3,0
half,2024-H2,momentum,-0.00903,0.334,4,0
half,2025-H1,reversal,0.03677,0.5327,1,1
half,2025-H1,rz_buy,0.02385,0.5037,2,0
half,2025-H1,lowvol,0.01217,0.4447,3,0
half,2025-H1,momentum,-0.03122,0.318,4,0
half,2025-H2,momentum,0.08877,0.6404,1,1
half,2025-H2,rz_buy,0.04496,0.5886,2,0
half,2025-H2,reversal,0.02879,0.5514,3,0
half,2025-H2,lowvol,0.00392,0.4548,4,0
half,2026-H1,lowvol,-0.00491,0.6215,1,1
half,2026-H1,momentum,0.01544,0.5739,2,0
half,2026-H1,rz_buy,-0.02182,0.5692,3,0
half,2026-H1,reversal,-0.01911,0.5578,4,0
year,2024,lowvol,0.0261,0.6072,1,1
year,2024,reversal,0.03889,0.585,2,0
year,2024,rz_buy,0.02085,0.5736,3,0
year,2024,momentum,-0.05638,0.295,4,0
year,2025,rz_buy,0.0348,0.5477,1,1
year,2025,reversal,0.03263,0.5424,2,0
year,2025,momentum,0.031,0.4852,3,0
year,2025,lowvol,0.00789,0.4499,4,0
year,2026,lowvol,-0.00491,0.6215,1,1
year,2026,momentum,0.01544,0.5739,2,0
year,2026,rz_buy,-0.02182,0.5692,3,0
year,2026,reversal,-0.01911,0.5578,4,0
